subject	qid	answer_idx	hippo_pick	blend_pick	hippo_correct	blend_correct	agree	outcome	hippo_net_correct	blend_net_correct	hippo_net_picked	blend_net_picked	hippo_pos	hippo_neg	hippo_slope	blend_pos	blend_neg	blend_slope	word_count	unique_ratio	avg_word_len
sociology	0	2	1	2	0	1	0	blend_wins	973	999	1017	999	2533	1560	3	2533	1534	29	5	1.0	5.8
sociology	1	0	2	2	0	0	1	both_wrong	-164	904	946	967	796	960	2340	2499	1595	2	8	1.0	6.62
sociology	2	1	3	3	0	0	1	both_wrong	929	-153	948	992	2512	1583	1	800	953	2343	6	1.0	5.67
sociology	3	3	2	2	0	0	1	both_wrong	-114	958	947	989	818	932	2346	2527	1569	0	10	0.9	5.7
sociology	4	3	1	3	0	1	0	blend_wins	956	1003	1052	1003	2525	1569	2	2525	1522	49	9	1.0	5.56
sociology	5	1	1	0	1	0	0	hippo_wins	1020	-128	1020	948	2549	1529	18	827	955	2314	16	0.9375	6.38
sociology	6	3	1	1	0	0	1	both_wrong	-106	-111	997	1002	843	949	2304	840	951	2305	11	0.9091	4.55
sociology	7	1	1	3	1	0	0	hippo_wins	980	964	980	986	2522	1542	32	2516	1552	28	8	0.875	3.62
sociology	8	0	1	0	0	1	0	blend_wins	-138	973	934	973	801	939	2356	2515	1542	39	12	0.9167	5.17
sociology	9	2	0	2	0	1	0	blend_wins	-98	1042	1008	1042	858	956	2282	2550	1508	38	7	1.0	6.0
sociology	10	1	0	3	0	0	0	both_wrong	-110	917	949	977	804	914	2378	2490	1573	33	18	0.9444	3.94
sociology	11	3	2	2	0	0	1	both_wrong	862	-159	992	988	2479	1617	0	796	955	2345	7	1.0	6.57
sociology	12	0	0	1	1	0	0	hippo_wins	896	-147	896	958	2494	1598	4	781	928	2387	14	1.0	5.29
sociology	13	0	2	0	0	1	0	blend_wins	-129	979	981	979	816	945	2335	2522	1543	31	6	1.0	7.33
sociology	14	0	2	3	0	0	0	both_wrong	-128	966	969	972	819	947	2330	2514	1548	34	8	1.0	5.0
sociology	15	0	2	1	0	0	0	both_wrong	948	-137	973	986	2522	1574	0	832	969	2295	18	1.0	5.06
sociology	16	0	1	0	0	1	0	blend_wins	-87	1029	996	1029	837	924	2335	2561	1532	3	19	0.9474	5.89
sociology	17	0	0	0	1	1	1	both_right	1019	1009	1019	1009	2544	1525	27	2536	1527	33	3	1.0	4.0
sociology	18	0	1	1	0	0	1	both_wrong	-137	-131	932	964	839	976	2281	831	962	2303	22	1.0	5.45
sociology	19	0	1	1	0	0	1	both_wrong	971	953	991	994	2533	1562	1	2510	1557	29	9	1.0	5.67
sociology	20	2	2	2	1	1	1	both_right	946	928	946	928	2520	1574	2	2512	1584	0	12	0.9167	5.08
sociology	21	2	1	3	0	0	0	both_wrong	938	956	983	985	2517	1579	0	2509	1553	34	11	1.0	6.0
sociology	22	1	1	0	1	0	0	hippo_wins	994	1012	994	1013	2524	1530	42	2526	1514	56	30	0.9333	5.83
sociology	23	3	2	2	0	0	1	both_wrong	-163	925	963	1018	811	974	2311	2484	1559	53	8	1.0	5.0
sociology	24	2	2	2	1	1	1	both_right	952	979	952	979	2514	1562	20	2526	1547	23	7	1.0	6.0
sociology	25	2	1	2	0	1	0	blend_wins	-132	974	933	974	835	967	2294	2534	1560	2	7	1.0	6.0
sociology	26	0	3	3	0	0	1	both_wrong	-165	968	1018	1001	819	984	2293	2532	1564	0	11	1.0	4.91
sociology	27	0	1	1	0	0	1	both_wrong	932	977	946	1001	2514	1582	0	2516	1539	41	9	0.8889	4.11
sociology	28	0	0	2	1	0	0	hippo_wins	927	-166	927	976	2510	1583	3	800	966	2330	11	0.9091	3.73
sociology	29	1	3	2	0	0	0	both_wrong	-132	-141	968	1002	823	955	2318	833	974	2289	16	0.875	4.06
sociology	30	3	3	3	1	1	1	both_right	983	1006	983	1006	2539	1556	1	2551	1545	0	15	1.0	5.07
sociology	31	2	1	2	0	1	0	blend_wins	903	934	942	934	2499	1596	1	2501	1567	28	11	1.0	5.36
sociology	32	1	3	0	0	0	0	both_wrong	959	953	974	980	2520	1561	15	2504	1551	41	14	0.8571	5.21
sociology	33	0	1	0	0	1	0	blend_wins	-135	933	923	933	814	949	2333	2499	1566	31	14	0.8571	4.36
sociology	34	0	1	1	0	0	1	both_wrong	933	-147	977	999	2514	1581	1	824	971	2301	10	1.0	4.8
sociology	35	0	1	1	0	0	1	both_wrong	-109	940	949	984	846	955	2295	2490	1550	56	8	1.0	6.0
sociology	36	0	3	2	0	0	0	both_wrong	-151	898	894	938	800	951	2345	2494	1596	6	4	1.0	6.25
sociology	37	3	2	0	0	0	0	both_wrong	-107	-97	946	1005	862	969	2265	864	961	2271	6	1.0	5.5
sociology	38	1	1	3	1	0	0	hippo_wins	-118	949	-118	996	840	958	2298	2498	1549	49	12	0.8333	4.17
sociology	39	3	0	1	0	0	0	both_wrong	-115	930	989	1003	833	948	2315	2496	1566	34	12	1.0	4.42
sociology	40	0	2	2	0	0	1	both_wrong	-137	901	972	932	838	975	2283	2483	1582	31	11	0.8182	3.55
sociology	41	1	1	3	1	0	0	hippo_wins	992	1002	992	1011	2542	1550	4	2548	1546	2	8	0.875	6.5
sociology	42	2	0	1	0	0	0	both_wrong	923	-159	953	993	2509	1586	1	810	969	2317	21	0.8571	4.19
sociology	43	3	3	0	1	0	0	hippo_wins	1027	-156	1027	982	2550	1523	23	797	953	2346	9	1.0	6.0
sociology	44	0	1	1	0	0	1	both_wrong	916	-128	975	1042	2506	1590	0	832	960	2304	8	1.0	7.0
sociology	45	0	2	2	0	0	1	both_wrong	-153	946	-134	991	820	973	2303	2520	1574	2	10	0.9	3.3
sociology	46	1	1	1	1	1	1	both_right	994	1016	994	1016	2530	1536	30	2535	1519	42	13	0.9231	6.15
sociology	47	1	1	2	1	0	0	hippo_wins	988	952	988	978	2541	1553	2	2524	1572	0	12	1.0	5.08
sociology	48	3	2	2	0	0	1	both_wrong	-141	-114	945	989	820	961	2315	824	938	2334	6	1.0	3.67
sociology	49	2	3	1	0	0	0	both_wrong	-90	958	906	1000	857	947	2292	2509	1551	36	7	1.0	4.43
sociology	50	1	2	0	0	0	0	both_wrong	927	-146	994	961	2497	1570	29	799	945	2352	6	1.0	4.67
sociology	51	1	2	0	0	0	0	both_wrong	916	-162	922	971	2506	1590	0	801	963	2332	6	1.0	6.67
sociology	52	1	0	1	0	1	0	blend_wins	945	985	948	985	2506	1561	29	2517	1532	47	33	0.8485	4.82
sociology	53	2	0	2	0	1	0	blend_wins	-92	964	963	964	841	933	2322	2513	1549	34	26	0.9231	4.12
sociology	54	0	2	0	0	1	0	blend_wins	-139	1028	975	1028	809	948	2339	2546	1518	32	15	1.0	4.67
sociology	55	2	3	0	0	0	0	both_wrong	-129	-124	999	1004	818	947	2331	821	945	2330	4	1.0	7.0
sociology	56	1	3	0	0	0	0	both_wrong	-105	950	980	964	818	923	2355	2521	1571	4	6	1.0	5.33
sociology	57	2	2	2	1	1	1	both_right	966	979	966	979	2515	1549	32	2521	1542	33	17	0.8235	4.71
sociology	58	1	3	0	0	0	0	both_wrong	-132	997	-106	1022	818	950	2328	2532	1535	29	7	1.0	5.71
sociology	59	1	3	0	0	0	0	both_wrong	-114	970	993	975	840	954	2302	2519	1549	28	13	0.9231	5.0
sociology	60	1	3	1	0	1	0	blend_wins	973	1016	1005	1016	2517	1544	35	2539	1523	34	16	1.0	4.31
sociology	61	2	1	1	0	0	1	both_wrong	-139	886	987	957	823	962	2311	2471	1585	40	5	1.0	4.4
sociology	62	3	0	2	0	0	0	both_wrong	-157	-129	942	961	807	964	2325	812	941	2343	20	0.85	4.1
sociology	63	2	0	1	0	0	0	both_wrong	928	-166	1001	985	2496	1568	32	811	977	2308	7	1.0	5.0
sociology	64	3	3	0	1	0	0	hippo_wins	948	-129	948	917	2521	1573	2	815	944	2337	5	1.0	5.8
sociology	65	0	0	0	1	1	1	both_right	981	958	981	958	2526	1545	25	2527	1569	0	8	1.0	4.5
sociology	66	3	3	1	1	0	0	hippo_wins	963	-143	963	970	2515	1552	29	788	931	2377	9	1.0	5.56
sociology	67	3	2	3	0	1	0	blend_wins	-163	970	954	970	817	980	2299	2507	1537	52	26	0.6923	5.15
sociology	68	0	3	1	0	0	0	both_wrong	964	962	981	975	2530	1566	0	2528	1566	2	43	0.7907	5.33
sociology	69	0	2	2	0	0	1	both_wrong	-179	934	951	1013	800	979	2317	2515	1581	0	5	1.0	6.0
sociology	70	0	3	1	0	0	0	both_wrong	910	-129	920	936	2502	1592	2	823	952	2321	6	1.0	5.67
sociology	71	0	0	1	1	0	0	hippo_wins	921	-138	921	938	2508	1587	1	814	952	2330	83	0.7831	5.31
sociology	72	3	1	3	0	1	0	blend_wins	-121	984	954	984	835	956	2305	2526	1542	28	20	0.85	4.15
sociology	73	3	3	3	1	1	1	both_right	993	1023	993	1023	2533	1540	23	2543	1520	33	10	1.0	4.9
sociology	74	2	0	0	0	0	1	both_wrong	929	930	965	973	2512	1583	1	2512	1582	2	9	1.0	4.11
sociology	75	0	3	3	0	0	1	both_wrong	952	968	1018	1064	2524	1572	0	2532	1564	0	5	1.0	6.2
sociology	76	2	3	0	0	0	0	both_wrong	-140	-129	994	997	817	957	2322	816	945	2335	6	1.0	4.5
sociology	77	3	1	2	0	0	0	both_wrong	-125	-109	950	953	808	933	2355	804	913	2379	8	1.0	4.12
sociology	78	2	3	2	0	1	0	blend_wins	-138	981	-128	981	811	949	2336	2518	1537	41	22	0.7727	4.73
sociology	79	3	0	1	0	0	0	both_wrong	995	974	1002	987	2545	1550	1	2518	1544	34	8	1.0	5.88
sociology	80	3	3	0	1	0	0	hippo_wins	1012	-112	1012	955	2538	1526	32	830	942	2324	16	1.0	5.88
sociology	81	3	3	3	1	1	1	both_right	933	940	933	940	2513	1580	3	2500	1560	36	14	0.9286	6.57
sociology	82	3	3	0	1	0	0	hippo_wins	977	931	977	1007	2536	1559	1	2512	1581	3	21	0.8095	5.0
sociology	83	2	2	2	1	1	1	both_right	987	981	987	981	2527	1540	29	2513	1532	51	2	1.0	7.5
sociology	84	2	0	1	0	0	0	both_wrong	-121	-122	894	969	811	932	2353	815	937	2344	5	1.0	4.2
sociology	85	3	3	3	1	1	1	both_right	938	973	938	973	2516	1578	2	2513	1540	43	26	0.7692	4.73
sociology	86	3	1	2	0	0	0	both_wrong	886	-159	944	915	2477	1591	28	816	975	2305	3	1.0	4.67
sociology	87	3	3	1	1	0	0	hippo_wins	956	-163	956	-115	2525	1569	2	800	963	2333	4	1.0	5.25
sociology	88	3	2	0	0	0	0	both_wrong	-174	861	1021	985	790	964	2342	2457	1596	43	8	1.0	5.0
sociology	89	0	0	1	1	0	0	hippo_wins	985	-146	985	1004	2528	1543	25	826	972	2298	16	0.9375	6.19
sociology	90	2	0	0	0	0	1	both_wrong	-119	-130	972	924	843	962	2291	831	961	2304	9	1.0	6.0
sociology	91	2	2	2	1	1	1	both_right	961	993	961	993	2528	1567	1	2528	1535	33	19	0.8947	5.37
sociology	92	2	2	2	1	1	1	both_right	984	1068	984	1068	2539	1555	2	2563	1495	38	15	0.8667	4.13
sociology	93	3	1	2	0	0	0	both_wrong	968	956	975	988	2531	1563	2	2502	1546	48	14	1.0	5.64
sociology	94	0	0	1	1	0	0	hippo_wins	946	964	946	990	2518	1572	6	2510	1546	40	12	1.0	5.58
sociology	95	0	1	1	0	0	1	both_wrong	933	-128	987	1021	2514	1581	1	811	939	2346	11	0.9091	5.09
sociology	96	3	1	3	0	1	0	blend_wins	-149	968	927	968	813	962	2321	2514	1546	36	11	0.9091	4.45
sociology	97	0	0	0	1	1	1	both_right	942	941	942	941	2505	1563	28	2518	1577	1	7	1.0	7.14
sociology	98	1	3	3	0	0	1	both_wrong	912	931	968	992	2504	1592	0	2494	1563	39	11	1.0	5.82
sociology	99	2	0	2	0	1	0	blend_wins	955	971	995	971	2513	1558	25	2533	1562	1	10	1.0	5.1
sociology	100	3	0	3	0	1	0	blend_wins	-137	1014	983	1014	823	960	2313	2537	1523	36	6	1.0	4.67
sociology	101	3	3	3	1	1	1	both_right	999	1042	999	1042	2536	1537	23	2556	1514	26	9	1.0	5.11
sociology	102	2	2	2	1	1	1	both_right	1005	975	1005	975	2549	1544	3	2523	1548	25	35	0.7429	5.17
sociology	103	3	0	3	0	1	0	blend_wins	-121	995	927	995	835	956	2305	2525	1530	41	10	1.0	6.2
sociology	104	2	1	1	0	0	1	both_wrong	-171	907	965	993	790	961	2345	2500	1593	3	10	1.0	5.4
sociology	105	3	1	1	0	0	1	both_wrong	941	-182	961	959	2518	1577	1	787	969	2340	9	1.0	5.78
sociology	106	3	1	3	0	1	0	blend_wins	-117	1010	985	1010	822	939	2335	2535	1525	36	10	1.0	4.9
sociology	107	3	1	1	0	0	1	both_wrong	-131	1005	1006	1028	830	961	2305	2535	1530	31	5	1.0	8.2
sociology	108	0	3	3	0	0	1	both_wrong	965	944	971	983	2516	1551	29	2518	1574	4	18	0.9444	4.5
sociology	109	2	0	2	0	1	0	blend_wins	-131	964	1049	964	822	953	2321	2530	1566	0	7	1.0	6.43
sociology	110	3	3	3	1	1	1	both_right	909	982	909	982	2501	1592	3	2519	1537	40	13	1.0	6.46
sociology	111	1	3	3	0	0	1	both_wrong	-114	937	999	998	825	939	2332	2505	1568	23	8	1.0	4.88
sociology	112	2	0	0	0	0	1	both_wrong	-157	-143	1029	1003	816	973	2307	827	970	2299	9	1.0	5.78
sociology	113	0	3	2	0	0	0	both_wrong	-142	-128	962	954	800	942	2354	813	941	2342	15	0.9333	3.93
sociology	114	0	3	1	0	0	0	both_wrong	889	-128	967	947	2481	1592	23	801	929	2366	9	0.8889	5.56
sociology	115	1	0	3	0	0	0	both_wrong	859	913	948	986	2476	1617	3	2484	1571	41	5	1.0	6.6
sociology	116	2	1	1	0	0	1	both_wrong	991	985	1005	990	2532	1541	23	2519	1534	43	6	1.0	8.33
sociology	117	1	2	1	0	1	0	blend_wins	967	-131	993	-131	2520	1553	23	829	960	2307	7	1.0	6.29
sociology	118	1	3	3	0	0	1	both_wrong	938	982	982	1009	2517	1579	0	2516	1534	46	10	0.9	4.7
sociology	119	2	2	0	1	0	0	hippo_wins	-111	958	-111	990	825	936	2335	2500	1542	54	18	0.9444	4.39
sociology	120	2	2	1	1	0	0	hippo_wins	982	-171	982	932	2539	1557	0	791	962	2343	5	1.0	4.8
sociology	121	1	1	2	1	0	0	hippo_wins	992	960	992	969	2544	1552	0	2528	1568	0	19	0.9474	5.89
sociology	122	3	0	3	0	1	0	blend_wins	-109	986	1005	986	811	920	2365	2520	1534	42	12	1.0	4.83
sociology	123	2	0	3	0	0	0	both_wrong	975	1001	1003	1009	2535	1560	1	2547	1546	3	7	1.0	5.29
sociology	124	0	3	1	0	0	0	both_wrong	947	926	972	991	2520	1573	3	2490	1564	42	3	1.0	7.67
sociology	125	1	1	1	1	1	1	both_right	971	979	971	979	2519	1548	29	2511	1532	53	11	1.0	4.91
sociology	126	2	0	3	0	0	0	both_wrong	890	-179	1024	911	2492	1602	2	783	962	2351	6	1.0	4.83
sociology	127	3	2	3	0	1	0	blend_wins	-138	982	957	982	821	959	2316	2521	1539	36	13	0.8462	5.54
sociology	128	2	3	3	0	0	1	both_wrong	-124	948	949	976	822	946	2328	2502	1554	40	4	1.0	6.0
sociology	129	2	3	1	0	0	0	both_wrong	876	-134	964	939	2485	1609	2	827	961	2308	9	1.0	5.78
sociology	130	3	1	2	0	0	0	both_wrong	-103	890	931	976	832	935	2329	2493	1603	0	8	1.0	5.0
sociology	131	3	3	0	1	0	0	hippo_wins	1031	-148	1031	1004	2555	1524	17	828	976	2292	10	1.0	5.7
sociology	132	0	2	1	0	0	0	both_wrong	-137	1006	1046	1015	817	954	2325	2532	1526	38	5	1.0	4.2
sociology	133	3	1	3	0	1	0	blend_wins	-164	951	940	951	782	946	2368	2494	1543	59	9	1.0	5.56
sociology	134	1	0	1	0	1	0	blend_wins	-113	931	952	931	838	951	2307	2511	1580	5	5	1.0	4.8
sociology	135	1	3	2	0	0	0	both_wrong	-127	947	955	990	840	967	2289	2508	1561	27	8	1.0	5.88
sociology	136	3	0	0	0	0	1	both_wrong	923	951	974	972	2509	1586	1	2503	1552	41	13	0.7692	5.46
sociology	137	0	2	0	0	1	0	blend_wins	1016	1002	1018	1002	2546	1530	20	2539	1537	20	38	0.7895	5.47
sociology	138	3	0	0	0	0	1	both_wrong	969	935	974	981	2531	1562	3	2514	1579	3	17	0.9412	4.88
sociology	139	3	0	0	0	0	1	both_wrong	-145	-134	992	-128	804	949	2343	816	950	2330	5	1.0	8.0
sociology	140	1	3	0	0	0	0	both_wrong	-145	907	964	928	794	939	2363	2479	1572	45	12	0.9167	4.25
sociology	141	1	3	1	0	1	0	blend_wins	-140	999	969	999	842	982	2272	2529	1530	37	4	1.0	5.5
sociology	142	1	2	1	0	1	0	blend_wins	-146	976	941	976	832	978	2286	2521	1545	30	7	1.0	5.0
sociology	143	0	0	2	1	0	0	hippo_wins	975	-137	975	935	2520	1545	31	822	959	2315	12	0.8333	4.25
sociology	144	1	1	2	1	0	0	hippo_wins	948	-149	948	952	2508	1560	28	808	957	2331	7	1.0	5.14
sociology	145	2	1	3	0	0	0	both_wrong	-127	944	982	977	828	955	2313	2501	1557	38	13	0.9231	4.23
sociology	146	0	3	1	0	0	0	both_wrong	-146	939	946	966	812	958	2326	2516	1577	3	10	0.9	5.4
sociology	147	3	1	1	0	0	1	both_wrong	949	951	960	1009	2509	1560	27	2505	1554	37	4	1.0	8.0
sociology	148	1	2	0	0	0	0	both_wrong	-140	943	937	961	823	963	2310	2519	1576	1	14	0.8571	4.21
sociology	149	3	3	2	1	0	0	hippo_wins	939	953	939	981	2505	1566	25	2505	1552	39	14	0.8571	5.21
sociology	150	0	2	0	0	1	0	blend_wins	-160	951	-153	951	780	940	2376	2503	1552	41	9	1.0	4.44
sociology	151	2	0	3	0	0	0	both_wrong	896	921	929	962	2495	1599	2	2491	1570	35	21	0.9048	5.57
sociology	152	2	1	2	0	1	0	blend_wins	900	1003	1019	1003	2497	1597	2	2529	1526	41	16	0.9375	4.88
sociology	153	2	0	2	0	1	0	blend_wins	931	970	958	970	2513	1582	1	2514	1544	38	15	1.0	5.4
sociology	154	3	2	3	0	1	0	blend_wins	-150	955	987	955	797	947	2352	2502	1547	47	7	1.0	5.29
sociology	155	2	3	3	0	0	1	both_wrong	-130	-160	970	935	823	953	2320	802	962	2332	3	1.0	6.33
sociology	156	3	3	2	1	0	0	hippo_wins	950	935	950	962	2516	1566	14	2498	1563	35	21	0.9524	5.1
sociology	157	1	3	3	0	0	1	both_wrong	-151	955	1008	1010	792	943	2361	2505	1550	41	11	1.0	5.73
sociology	158	1	2	1	0	1	0	blend_wins	-148	929	972	929	794	942	2360	2494	1565	37	17	0.8824	5.59
sociology	159	1	2	3	0	0	0	both_wrong	-118	-93	922	941	831	949	2316	842	935	2319	12	1.0	5.08
sociology	160	2	0	0	0	0	1	both_wrong	932	931	945	974	2513	1581	2	2513	1582	1	14	0.8571	4.79
sociology	161	3	2	2	0	0	1	both_wrong	-150	-128	1001	1064	828	978	2290	839	967	2290	31	0.9355	5.13
sociology	162	1	1	3	1	0	0	hippo_wins	916	-108	916	934	2506	1590	0	839	947	2310	8	0.875	4.88
sociology	163	0	1	0	0	1	0	blend_wins	941	981	980	981	2518	1577	1	2538	1557	1	9	1.0	4.44
sociology	164	1	0	1	0	1	0	blend_wins	-144	973	876	973	821	965	2310	2533	1560	3	6	1.0	7.0
sociology	165	0	2	3	0	0	0	both_wrong	961	-118	967	1009	2515	1554	27	835	953	2308	16	0.8125	5.31
sociology	166	1	1	3	1	0	0	hippo_wins	959	910	959	946	2513	1554	29	2501	1591	4	8	1.0	4.38
sociology	167	2	2	1	1	0	0	hippo_wins	988	-132	988	979	2541	1553	2	819	951	2326	6	1.0	5.67
sociology	168	0	0	0	1	1	1	both_right	965	1005	965	1005	2528	1563	5	2531	1526	39	23	0.7826	4.61
sociology	169	2	2	1	1	0	0	hippo_wins	952	-128	952	939	2523	1571	2	814	942	2340	8	1.0	6.25
sociology	170	1	1	1	1	1	1	both_right	976	981	976	981	2535	1559	2	2519	1538	39	29	0.8276	4.97
sociology	171	0	1	2	0	0	0	both_wrong	853	-180	948	953	2473	1620	3	780	960	2356	5	1.0	4.0
sociology	172	0	2	2	0	0	1	both_wrong	-149	-148	940	963	813	962	2321	805	953	2338	70	0.7	5.33
sociology	173	1	0	3	0	0	0	both_wrong	-151	-153	-139	971	816	967	2313	826	979	2291	6	1.0	3.5
sociology	174	0	2	0	0	1	0	blend_wins	-146	932	936	932	798	944	2354	2490	1558	48	6	1.0	6.17
sociology	175	3	1	2	0	0	0	both_wrong	-158	-154	992	-118	815	973	2308	813	967	2316	9	1.0	6.67
sociology	176	3	3	0	1	0	0	hippo_wins	973	-159	973	964	2533	1560	3	797	956	2343	8	1.0	6.0
sociology	177	1	0	3	0	0	0	both_wrong	-134	-137	957	957	828	962	2306	830	967	2299	16	0.9375	5.62
sociology	178	1	1	1	1	1	1	both_right	954	983	954	983	2525	1571	0	2539	1556	1	16	0.875	4.75
sociology	179	2	3	1	0	0	0	both_wrong	-112	980	982	1016	852	964	2280	2527	1547	22	10	1.0	5.5
sociology	180	1	1	1	1	1	1	both_right	1004	993	1004	993	2550	1546	0	2528	1535	33	11	0.9091	5.64
sociology	181	2	2	2	1	1	1	both_right	941	957	941	957	2502	1561	33	2525	1568	3	8	1.0	3.75
sociology	182	0	2	1	0	0	0	both_wrong	-131	920	954	974	809	940	2347	2484	1564	48	21	0.9048	5.33
sociology	183	2	0	0	0	0	1	both_wrong	-149	964	980	972	806	955	2335	2511	1547	38	11	1.0	4.91
sociology	184	2	3	3	0	0	1	both_wrong	-132	939	951	1012	816	948	2332	2485	1546	65	11	0.9091	4.45
sociology	185	0	0	1	1	0	0	hippo_wins	985	1018	985	1021	2538	1553	5	2534	1516	46	5	1.0	5.6
sociology	186	3	3	0	1	0	0	hippo_wins	961	953	961	975	2528	1567	1	2502	1549	45	9	0.8889	5.0
sociology	187	1	1	3	1	0	0	hippo_wins	960	896	960	990	2516	1556	24	2495	1599	2	7	1.0	6.14
sociology	188	3	2	0	0	0	0	both_wrong	954	-141	965	931	2525	1571	0	800	941	2355	11	1.0	5.91
sociology	189	2	3	3	0	0	1	both_wrong	-114	958	938	989	842	956	2298	2507	1549	40	15	0.9333	4.73
sociology	190	2	3	2	0	1	0	blend_wins	-142	986	975	986	802	944	2350	2540	1554	2	19	0.8947	5.0
sociology	191	3	1	0	0	0	0	both_wrong	921	-125	943	938	2496	1575	25	837	962	2297	10	1.0	4.4
sociology	192	0	0	0	1	1	1	both_right	967	975	967	975	2514	1547	35	2535	1560	1	11	0.9091	4.64
sociology	193	2	2	0	1	0	0	hippo_wins	967	-124	967	971	2523	1556	17	839	963	2294	12	1.0	4.92
sociology	194	1	1	0	1	0	0	hippo_wins	962	-106	962	1004	2529	1567	0	840	946	2310	10	1.0	5.7
sociology	195	1	1	2	1	0	0	hippo_wins	923	883	923	961	2485	1562	49	2471	1588	37	5	1.0	7.4
sociology	196	3	2	3	0	1	0	blend_wins	-137	966	960	966	836	973	2287	2514	1548	34	9	1.0	5.22
sociology	197	2	1	2	0	1	0	blend_wins	925	1012	967	1012	2510	1585	1	2534	1522	40	13	1.0	6.15
sociology	198	3	1	1	0	0	1	both_wrong	921	-110	1031	1047	2508	1587	1	832	942	2322	14	0.9286	4.93
sociology	199	1	3	2	0	0	0	both_wrong	-166	944	960	973	788	954	2354	2495	1551	50	8	0.875	6.25
sociology	200	1	2	2	0	0	1	both_wrong	954	920	995	987	2511	1557	28	2492	1572	32	17	0.8824	4.35
virology	0	0	1	3	0	0	0	both_wrong	-127	-124	-105	942	837	964	2295	838	962	2296	8	1.0	5.38
virology	1	3	3	0	1	0	0	hippo_wins	985	937	985	979	2538	1553	5	2494	1557	45	8	0.875	3.62
virology	2	1	1	1	1	1	1	both_right	995	1005	995	1005	2534	1539	23	2534	1529	33	7	1.0	4.57
virology	3	1	1	1	1	1	1	both_right	937	950	937	950	2516	1579	1	2523	1573	0	6	1.0	6.0
virology	4	1	2	2	0	0	1	both_wrong	-125	956	964	974	820	945	2331	2525	1569	2	17	1.0	4.94
virology	5	0	3	3	0	0	1	both_wrong	825	888	874	942	2460	1635	1	2491	1603	2	17	0.9412	5.41
virology	6	1	2	2	0	0	1	both_wrong	-123	921	960	962	829	952	2315	2486	1565	45	3	1.0	7.67
virology	7	1	1	1	1	1	1	both_right	969	976	969	976	2532	1563	1	2516	1540	40	12	0.9167	6.92
virology	8	3	3	0	1	0	0	hippo_wins	963	-134	963	913	2514	1551	31	818	952	2326	14	0.7857	5.29
virology	9	1	2	3	0	0	0	both_wrong	-144	-127	914	963	831	975	2290	834	961	2301	19	0.8947	5.16
virology	10	2	0	0	0	0	1	both_wrong	956	899	989	912	2524	1568	4	2497	1598	1	30	0.8667	4.83
virology	11	2	2	1	1	0	0	hippo_wins	1016	955	1016	981	2544	1528	24	2501	1546	49	4	1.0	7.25
virology	12	1	3	0	0	0	0	both_wrong	927	-145	976	946	2511	1584	1	816	961	2319	10	1.0	5.7
virology	13	0	0	0	1	1	1	both_right	978	962	978	962	2527	1549	20	2509	1547	40	9	1.0	4.56
virology	14	1	0	0	0	0	1	both_wrong	972	934	990	956	2519	1547	30	2495	1561	40	4	1.0	5.0
virology	15	0	3	3	0	0	1	both_wrong	-124	961	961	970	838	962	2296	2511	1550	35	10	1.0	5.5
virology	16	3	2	1	0	0	0	both_wrong	918	-141	990	1003	2505	1587	4	836	977	2283	41	0.7561	4.37
virology	17	2	0	1	0	0	0	both_wrong	979	990	979	1010	2522	1543	31	2542	1552	2	6	1.0	7.67
virology	18	1	2	0	0	0	0	both_wrong	-118	997	1007	1038	856	974	2266	2528	1531	37	6	1.0	6.33
virology	19	2	0	0	0	0	1	both_wrong	938	966	953	1030	2517	1579	0	2531	1565	0	15	0.8667	4.6
virology	20	2	0	2	0	1	0	blend_wins	-109	999	950	999	839	948	2309	2523	1524	49	16	1.0	5.69
virology	21	0	3	0	0	1	0	blend_wins	952	974	977	974	2523	1571	2	2516	1542	38	16	1.0	5.75
virology	22	3	2	0	0	0	0	both_wrong	927	969	950	978	2495	1568	33	2530	1561	5	10	1.0	6.1
virology	23	1	0	1	0	1	0	blend_wins	-127	985	949	985	811	938	2347	2523	1538	35	12	0.9167	4.0
virology	24	0	2	1	0	0	0	both_wrong	944	-142	963	920	2520	1576	0	804	946	2346	10	1.0	6.3
virology	25	1	3	3	0	0	1	both_wrong	906	889	982	985	2501	1595	0	2492	1603	1	12	1.0	5.0
virology	26	2	2	2	1	1	1	both_right	998	978	998	978	2537	1539	20	2505	1527	64	8	1.0	5.0
virology	27	0	1	2	0	0	0	both_wrong	989	956	1029	1007	2529	1540	27	2525	1569	2	13	0.9231	5.62
virology	28	1	1	3	1	0	0	hippo_wins	997	958	997	985	2545	1548	3	2510	1552	34	12	1.0	4.58
virology	29	2	3	3	0	0	1	both_wrong	858	-121	930	927	2475	1617	4	836	957	2303	11	0.8182	5.36
virology	30	1	3	0	0	0	0	both_wrong	-141	-129	910	982	823	964	2309	813	942	2341	9	1.0	5.0
virology	31	2	1	2	0	1	0	blend_wins	920	922	996	922	2507	1587	2	2490	1568	38	8	0.875	5.88
virology	32	3	0	1	0	0	0	both_wrong	-128	-123	986	986	825	953	2318	819	942	2335	19	0.9474	5.32
virology	33	3	3	0	1	0	0	hippo_wins	1019	-124	1019	940	2544	1525	27	838	962	2296	14	0.9286	5.43
virology	34	3	1	0	0	0	0	both_wrong	952	951	966	979	2503	1551	42	2498	1547	51	9	1.0	5.0
virology	35	2	2	2	1	1	1	both_right	993	996	993	996	2532	1539	25	2528	1532	36	12	1.0	4.83
virology	36	1	1	1	1	1	1	both_right	985	992	985	992	2527	1542	27	2543	1551	2	11	1.0	5.36
virology	37	3	1	0	0	0	0	both_wrong	-148	-148	933	994	810	958	2328	809	957	2330	16	0.8125	4.5
virology	38	0	3	0	0	1	0	blend_wins	-112	993	991	993	848	960	2288	2529	1536	31	6	1.0	5.5
virology	39	3	0	1	0	0	0	both_wrong	962	-126	982	-121	2518	1556	22	835	961	2300	8	1.0	6.5
virology	40	0	0	2	1	0	0	hippo_wins	944	-124	944	1028	2520	1576	0	830	954	2312	11	1.0	4.82
virology	41	0	1	2	0	0	0	both_wrong	-146	914	824	921	813	959	2324	2504	1590	2	17	0.8235	4.65
virology	42	3	3	2	1	0	0	hippo_wins	996	-135	996	-133	2545	1549	2	811	946	2339	8	1.0	5.5
virology	43	1	0	3	0	0	0	both_wrong	934	-106	964	969	2514	1580	2	821	927	2348	9	0.8889	4.89
virology	44	1	0	3	0	0	0	both_wrong	-134	961	972	996	829	963	2304	2511	1550	35	69	0.7536	5.16
virology	45	1	0	1	0	1	0	blend_wins	916	996	947	996	2492	1576	28	2521	1525	50	13	1.0	4.38
virology	46	2	1	3	0	0	0	both_wrong	-176	958	971	977	792	968	2336	2512	1554	30	15	0.9333	6.33
virology	47	2	1	2	0	1	0	blend_wins	-149	1000	972	1000	825	974	2297	2534	1534	28	13	1.0	5.23
virology	48	2	2	0	1	0	0	hippo_wins	962	913	962	944	2510	1548	38	2503	1590	3	15	1.0	5.87
virology	49	0	0	0	1	1	1	both_right	951	995	951	995	2522	1571	3	2527	1532	37	5	1.0	6.2
virology	50	1	0	0	0	0	1	both_wrong	-149	-137	1036	966	811	960	2325	830	967	2299	4	1.0	5.0
virology	51	0	2	3	0	0	0	both_wrong	-140	-134	994	1026	827	967	2302	816	950	2330	10	1.0	4.7
virology	52	1	1	3	1	0	0	hippo_wins	950	919	950	961	2523	1573	0	2491	1572	33	11	1.0	5.18
virology	53	1	1	2	1	0	0	hippo_wins	1013	980	1013	983	2540	1527	29	2538	1558	0	88	0.6591	5.48
virology	54	0	1	0	0	1	0	blend_wins	-139	1016	921	1016	826	965	2305	2538	1522	36	4	1.0	6.0
virology	55	3	3	3	1	1	1	both_right	971	1004	971	1004	2533	1562	1	2533	1529	34	8	1.0	4.12
virology	56	2	1	0	0	0	0	both_wrong	920	-123	925	927	2508	1588	0	806	929	2361	16	0.9375	5.0
virology	57	0	2	0	0	1	0	blend_wins	935	940	961	940	2508	1573	15	2499	1559	38	9	1.0	5.22
virology	58	2	1	0	0	0	0	both_wrong	-142	-118	1006	985	817	959	2320	834	952	2310	5	1.0	5.2
virology	59	3	3	2	1	0	0	hippo_wins	993	968	993	977	2531	1538	27	2513	1545	38	4	1.0	9.5
virology	60	2	2	1	1	0	0	hippo_wins	942	-147	942	-138	2518	1576	2	804	951	2341	9	1.0	4.44
virology	61	1	1	1	1	1	1	both_right	944	964	944	964	2519	1575	2	2529	1565	2	16	0.9375	4.38
virology	62	2	0	0	0	0	1	both_wrong	-144	980	999	1028	839	983	2274	2522	1542	32	30	0.8333	4.3
virology	63	2	3	0	0	0	0	both_wrong	-147	922	967	984	797	944	2355	2509	1587	0	4	1.0	7.75
virology	64	0	1	1	0	0	1	both_wrong	897	971	973	994	2487	1590	19	2513	1542	41	11	1.0	4.27
virology	65	0	0	2	1	0	0	hippo_wins	952	-162	952	1006	2510	1558	28	795	957	2344	17	0.8824	5.24
virology	66	0	3	1	0	0	0	both_wrong	-167	-153	983	1014	807	974	2315	823	976	2297	13	0.9231	5.38
virology	67	0	1	0	0	1	0	blend_wins	-112	939	951	939	815	927	2354	2493	1554	49	6	1.0	6.33
virology	68	1	1	2	1	0	0	hippo_wins	948	-167	948	892	2521	1573	2	813	980	2303	14	0.8571	5.21
virology	69	2	0	2	0	1	0	blend_wins	-145	984	977	984	816	961	2319	2516	1532	48	9	1.0	6.0
virology	70	2	2	1	1	0	0	hippo_wins	986	-115	986	1001	2524	1538	34	833	948	2315	7	1.0	5.86
virology	71	1	2	2	0	0	1	both_wrong	954	-103	988	964	2524	1570	2	836	939	2321	14	1.0	5.5
virology	72	1	0	0	0	0	1	both_wrong	-165	866	893	918	810	975	2311	2480	1614	2	9	0.8889	3.78
virology	73	2	1	0	0	0	0	both_wrong	-123	930	962	976	808	931	2357	2497	1567	32	8	1.0	5.62
virology	74	0	2	3	0	0	0	both_wrong	1003	-174	1015	-154	2535	1532	29	818	992	2286	47	0.8723	4.85
virology	75	0	1	0	0	1	0	blend_wins	933	922	980	922	2514	1581	1	2488	1566	42	26	0.8077	4.58
virology	76	0	1	0	0	1	0	blend_wins	-115	972	941	972	845	960	2291	2534	1562	0	13	1.0	5.46
virology	77	1	1	1	1	1	1	both_right	994	1000	994	1000	2517	1523	56	2531	1531	34	13	1.0	5.15
virology	78	3	2	0	0	0	0	both_wrong	-129	-104	973	948	829	958	2309	839	943	2314	15	0.8667	5.2
virology	79	1	1	2	1	0	0	hippo_wins	937	942	937	956	2505	1568	23	2499	1557	40	8	1.0	5.25
virology	80	3	2	1	0	0	0	both_wrong	933	-117	960	996	2514	1581	1	830	947	2319	12	1.0	4.67
virology	81	2	0	0	0	0	1	both_wrong	-126	936	-103	1002	817	943	2336	2502	1566	28	8	1.0	5.38
virology	82	2	2	3	1	0	0	hippo_wins	973	950	973	1023	2533	1560	3	2508	1558	30	10	1.0	4.1
virology	83	2	2	2	1	1	1	both_right	924	939	924	939	2493	1569	34	2493	1554	49	7	1.0	5.29
virology	84	0	0	3	1	0	0	hippo_wins	944	-153	944	986	2504	1560	32	815	968	2313	16	1.0	5.5
virology	85	2	2	2	1	1	1	both_right	954	977	954	977	2524	1570	2	2535	1558	3	10	1.0	5.2
virology	86	1	1	3	1	0	0	hippo_wins	1031	-127	1031	1025	2553	1522	21	832	959	2305	11	0.9091	6.0
virology	87	1	1	3	1	0	0	hippo_wins	946	949	946	989	2520	1574	2	2496	1547	53	10	1.0	4.6
virology	88	2	2	0	1	0	0	hippo_wins	969	950	969	966	2516	1547	33	2522	1572	2	10	1.0	7.1
virology	89	3	3	2	1	0	0	hippo_wins	956	-157	956	947	2525	1569	2	819	976	2301	6	1.0	4.5
virology	90	3	2	1	0	0	0	both_wrong	944	926	991	927	2505	1561	30	2492	1566	38	12	1.0	5.08
virology	91	0	0	0	1	1	1	both_right	918	944	918	944	2506	1588	2	2518	1574	4	8	1.0	6.25
virology	92	3	1	0	0	0	0	both_wrong	942	-119	967	1007	2517	1575	4	826	945	2325	11	1.0	5.18
virology	93	3	2	1	0	0	0	both_wrong	-126	-136	969	983	825	951	2320	818	954	2324	10	1.0	4.8
virology	94	0	1	0	0	1	0	blend_wins	-142	1000	964	1000	814	956	2326	2525	1525	46	12	0.9167	4.17
virology	95	3	1	3	0	1	0	blend_wins	928	983	970	983	2512	1584	0	2518	1535	43	9	1.0	5.56
virology	96	3	3	1	1	0	0	hippo_wins	961	950	961	957	2519	1558	19	2500	1550	46	11	0.9091	4.91
virology	97	0	0	1	1	0	0	hippo_wins	915	-151	915	971	2488	1573	35	812	963	2321	11	1.0	4.64
virology	98	3	3	3	1	1	1	both_right	962	989	962	989	2529	1567	0	2524	1535	37	7	1.0	6.0
virology	99	0	1	1	0	0	1	both_wrong	910	-132	952	987	2492	1582	22	832	964	2300	9	1.0	5.33
virology	100	2	1	0	0	0	0	both_wrong	-144	-122	912	943	818	962	2316	839	961	2296	14	0.8571	4.5
virology	101	2	1	3	0	0	0	both_wrong	916	-144	938	958	2505	1589	2	809	953	2334	19	0.8947	4.63
virology	102	1	3	1	0	1	0	blend_wins	-157	987	967	987	817	974	2305	2526	1539	31	17	0.9412	4.29
virology	103	1	3	1	0	1	0	blend_wins	-126	1016	1057	1016	815	941	2340	2540	1524	32	5	1.0	4.8
virology	104	1	0	2	0	0	0	both_wrong	-124	984	1000	988	824	948	2324	2538	1554	4	13	0.9231	3.23
virology	105	1	3	3	0	0	1	both_wrong	-127	-131	998	1014	815	942	2339	814	945	2337	13	0.9231	6.08
virology	106	0	1	1	0	0	1	both_wrong	939	-140	988	-112	2505	1566	25	810	950	2336	15	0.8667	3.53
virology	107	0	0	0	1	1	1	both_right	927	952	927	952	2510	1583	3	2501	1549	46	84	0.6548	4.92
virology	108	0	3	2	0	0	0	both_wrong	-161	-131	986	993	802	963	2331	813	944	2339	6	1.0	4.0
virology	109	1	1	3	1	0	0	hippo_wins	957	-148	957	945	2511	1554	31	811	959	2326	16	0.875	5.19
virology	110	1	3	3	0	0	1	both_wrong	950	969	986	980	2523	1573	0	2508	1539	49	10	1.0	5.1
virology	111	0	1	3	0	0	0	both_wrong	912	-150	961	911	2503	1591	2	791	941	2364	19	0.8947	4.63
virology	112	1	3	1	0	1	0	blend_wins	936	957	1001	957	2501	1565	30	2510	1553	33	11	0.9091	5.18
virology	113	2	2	1	1	0	0	hippo_wins	984	-126	984	1011	2539	1555	2	829	955	2312	10	1.0	4.3
virology	114	0	1	3	0	0	0	both_wrong	922	-159	929	985	2509	1587	0	815	974	2307	7	1.0	4.57
virology	115	1	3	3	0	0	1	both_wrong	-173	949	956	1014	793	966	2337	2501	1552	43	7	1.0	5.0
virology	116	1	1	0	1	0	0	hippo_wins	977	-153	977	993	2534	1557	5	811	964	2321	9	1.0	4.67
virology	117	3	0	1	0	0	0	both_wrong	-152	964	-142	1000	824	976	2296	2510	1546	40	14	0.9286	5.36
virology	118	1	3	3	0	0	1	both_wrong	-132	918	986	1023	800	932	2364	2504	1586	6	12	0.9167	4.5
virology	119	3	3	3	1	1	1	both_right	945	998	945	998	2519	1574	3	2528	1530	38	8	1.0	6.75
virology	120	2	2	2	1	1	1	both_right	913	924	913	924	2491	1578	27	2493	1569	34	14	1.0	4.79
virology	121	2	1	0	0	0	0	both_wrong	944	-123	991	974	2509	1565	22	832	955	2309	10	0.9	3.8
virology	122	1	2	0	0	0	0	both_wrong	926	-146	928	924	2511	1585	0	800	946	2350	14	0.9286	5.36
virology	123	1	0	0	0	0	1	both_wrong	962	964	966	995	2512	1550	34	2510	1546	40	17	1.0	5.59
virology	124	0	2	3	0	0	0	both_wrong	885	934	940	968	2489	1604	3	2501	1567	28	15	0.8667	4.67
virology	125	1	1	0	1	0	0	hippo_wins	935	-151	935	965	2505	1570	21	802	953	2341	12	0.9167	5.17
virology	126	1	1	1	1	1	1	both_right	974	993	974	993	2534	1560	2	2531	1538	27	12	0.8333	4.5
virology	127	1	1	1	1	1	1	both_right	968	969	968	969	2532	1564	0	2512	1543	41	11	1.0	5.36
virology	128	0	2	3	0	0	0	both_wrong	-152	965	-148	968	803	955	2338	2512	1547	37	15	0.8667	5.2
virology	129	0	2	0	0	1	0	blend_wins	920	953	922	953	2493	1573	30	2524	1571	1	20	0.95	5.1
virology	130	0	2	3	0	0	0	both_wrong	-142	952	925	1056	801	943	2352	2501	1549	46	8	1.0	5.38
virology	131	1	1	1	1	1	1	both_right	936	932	936	932	2509	1573	14	2498	1566	32	11	0.8182	4.64
virology	132	0	3	1	0	0	0	both_wrong	946	937	976	973	2519	1573	4	2491	1554	51	11	0.9091	6.09
virology	133	0	1	3	0	0	0	both_wrong	-134	926	964	979	802	936	2358	2511	1585	0	91	0.6264	4.3
virology	134	0	0	2	1	0	0	hippo_wins	971	-166	971	936	2532	1561	3	803	969	2324	7	1.0	4.86
virology	135	1	0	1	0	1	0	blend_wins	908	958	955	958	2500	1592	4	2513	1555	28	12	0.9167	3.92
virology	136	2	3	2	0	1	0	blend_wins	986	959	998	959	2529	1543	24	2512	1553	31	9	1.0	5.33
virology	137	2	0	1	0	0	0	both_wrong	985	-142	1005	993	2540	1555	1	815	957	2324	9	0.8889	5.22
virology	138	1	3	0	0	0	0	both_wrong	961	963	997	984	2516	1555	25	2513	1550	33	9	1.0	6.22
virology	139	0	2	0	0	1	0	blend_wins	-134	966	913	966	834	968	2294	2510	1544	42	12	0.8333	6.0
virology	140	3	1	1	0	0	1	both_wrong	-131	-130	897	898	841	972	2283	829	959	2308	17	0.9412	5.35
virology	141	3	2	0	0	0	0	both_wrong	-132	883	963	975	826	958	2312	2489	1606	1	9	1.0	5.78
virology	142	3	0	0	0	0	1	both_wrong	-121	881	927	912	817	938	2341	2487	1606	3	16	0.875	3.69
virology	143	0	3	2	0	0	0	both_wrong	-148	901	961	911	809	957	2330	2497	1596	3	7	1.0	5.86
virology	144	3	2	0	0	0	0	both_wrong	838	883	987	910	2466	1628	2	2489	1606	1	8	0.875	5.0
virology	145	0	1	1	0	0	1	both_wrong	959	956	974	996	2517	1558	21	2507	1551	38	18	0.8889	5.17
virology	146	1	1	2	1	0	0	hippo_wins	968	976	968	1027	2529	1561	6	2511	1535	50	15	1.0	5.07
virology	147	0	1	1	0	0	1	both_wrong	-116	948	972	956	851	967	2278	2502	1554	40	10	1.0	6.4
virology	148	1	1	3	1	0	0	hippo_wins	993	-129	993	967	2544	1551	1	820	949	2327	7	1.0	5.14
virology	149	0	3	0	0	1	0	blend_wins	-129	1021	949	1021	834	963	2299	2533	1512	51	3	1.0	4.67
virology	150	1	0	0	0	0	1	both_wrong	965	-121	969	996	2530	1565	1	822	943	2331	14	0.9286	4.21
virology	151	3	0	2	0	0	0	both_wrong	914	-127	948	860	2504	1590	2	846	973	2277	6	1.0	5.67
virology	152	0	0	1	1	0	0	hippo_wins	959	-132	959	1021	2527	1568	1	825	957	2314	5	1.0	6.4
virology	153	0	1	0	0	1	0	blend_wins	-127	975	969	975	824	951	2321	2535	1560	1	99	0.596	4.45
virology	154	1	0	1	0	1	0	blend_wins	1016	-135	1026	-135	2537	1521	38	843	978	2275	14	0.9286	5.5
virology	155	2	3	3	0	0	1	both_wrong	941	945	1028	1057	2518	1577	1	2520	1575	1	5	1.0	4.0
virology	156	3	1	2	0	0	0	both_wrong	-144	934	1018	1001	804	948	2344	2515	1581	0	12	1.0	5.75
virology	157	0	3	1	0	0	0	both_wrong	-174	-164	962	947	795	969	2332	805	969	2322	8	1.0	6.5
virology	158	0	1	0	0	1	0	blend_wins	-153	991	989	991	799	952	2345	2515	1524	57	164	0.5671	3.92
virology	159	2	0	1	0	0	0	both_wrong	986	959	1008	1020	2540	1554	2	2510	1551	35	8	0.875	4.5
virology	160	1	0	0	0	0	1	both_wrong	953	-128	983	1044	2523	1570	3	828	956	2312	8	1.0	6.25
virology	161	3	3	2	1	0	0	hippo_wins	904	-114	904	841	2485	1581	30	826	940	2330	35	0.8	4.0
virology	162	3	3	3	1	1	1	both_right	995	990	995	990	2545	1550	1	2542	1552	2	8	1.0	4.62
virology	163	3	3	3	1	1	1	both_right	998	969	998	969	2534	1536	26	2505	1536	55	10	1.0	5.1
virology	164	1	0	2	0	0	0	both_wrong	957	957	987	1029	2526	1569	1	2526	1569	1	9	1.0	5.11
virology	165	1	3	3	0	0	1	both_wrong	-134	-132	999	997	838	972	2286	832	964	2300	12	1.0	4.5
